{"cameraMode":{"drawMode":31,"name":"Sprite Mask","section":"Miscellaneous"},"sceneLighting":false,"audioPlay":false,"sceneViewState":{"m_AlwaysRefresh":false,"showFog":true,"showSkybox":false,"showFlares":true,"showImageEffects":true,"showParticleSystems":true,"showVisualEffectGraphs":true,"m_FxEnabled":true},"in2DMode":false,"pivot":{"x":0.49343836307525637,"y":1.4151593446731568,"z":2.5251827239990236},"rotation":{"x":-0.2806299328804016,"y":0.4967014491558075,"z":-0.17364415526390077,"w":-0.8027440309524536},"size":0.6777629256248474,"orthographic":false}