{"cameraMode":{"drawMode":31,"name":"Sprite Mask","section":"Miscellaneous"},"sceneLighting":false,"audioPlay":false,"sceneViewState":{"m_AlwaysRefresh":false,"showFog":true,"showSkybox":false,"showFlares":true,"showImageEffects":true,"showParticleSystems":true,"showVisualEffectGraphs":true,"m_FxEnabled":true},"in2DMode":false,"pivot":{"x":0.35510730743408205,"y":1.2364290952682496,"z":1.9287939071655274},"rotation":{"x":-0.2806299328804016,"y":0.4967014491558075,"z":-0.17364415526390077,"w":-0.8027440309524536},"size":0.24647967517375947,"orthographic":false}