{"cameraMode":{"drawMode":31,"name":"Sprite Mask","section":"Miscellaneous"},"sceneLighting":true,"audioPlay":false,"sceneViewState":{"m_AlwaysRefresh":false,"showFog":true,"showSkybox":true,"showFlares":true,"showImageEffects":true,"showParticleSystems":true,"showVisualEffectGraphs":true,"m_FxEnabled":true},"in2DMode":false,"pivot":{"x":8.639026641845704,"y":5.291902542114258,"z":14.124027252197266},"rotation":{"x":-0.015501839108765126,"y":0.9639611840248108,"z":-0.2593359351158142,"w":-0.057613153010606769},"size":3.2257847785949709,"orthographic":false}