{"cameraMode":{"drawMode":31,"name":"Sprite Mask","section":"Miscellaneous"},"sceneLighting":true,"audioPlay":false,"sceneViewState":{"m_AlwaysRefresh":false,"showFog":true,"showSkybox":true,"showFlares":true,"showImageEffects":true,"showParticleSystems":true,"showVisualEffectGraphs":true,"m_FxEnabled":true},"in2DMode":false,"pivot":{"x":6.9335784912109379,"y":1.1426177024841309,"z":2.9560515880584719},"rotation":{"x":-0.19070792198181153,"y":-0.8066616654396057,"z":0.35763296484947207,"w":-0.43015342950820925},"size":19.753068923950197,"orthographic":false}